[{"Flag":0,"Role":"SE","RankId":0,"Level":"7B","Promote":0,"Id":1,"Notes":"","Name":"Ben Martin","Area":"Always"},{"Area":"Always","Role":"TE","Id":2,"Notes":"change to 7B?","Name":"Jose Perez","RankId":1,"Level":"7B1","Promote":0,"Flag":0},{"Promote":1,"Id":3,"Area":"Always","Role":"SE","Flag":0,"Name":"Juan Gonzalez","Level":"8B","Notes":"","RankId":2},{"Flag":0,"Id":4,"Promote":0,"Name":"Peng Wu","Notes":"","Level":"7B1","Role":"SE","Area":"Always","RankId":5},{"Promote":0,"Flag":0,"Notes":"","Id":5,"Name":"Jose Ruiz","Level":"6B","Area":"Often","Role":"SE","RankId":0},{"Level":"9B","Flag":0,"Area":"Always","Name":"Jose Carlos Barrantes","Id":6,"Role":"SE","Notes":"","Promote":1,"RankId":7},{"RankId":2,"Flag":1,"Role":"SE","Promote":0,"Id":7,"Area":"Often","Notes":"e for effort","Name":"Sherman Lu","Level":"7B1"},{"Area":"Often","Role":"TE","RankId":3,"Notes":"","Flag":0,"Name":"Chengqing (Annie) Zhang","Level":"7B","Id":8,"Promote":0},{"Area":"Often","Id":9,"Promote":0,"Role":"TE","Flag":0,"RankId":4,"Name":"Steven Gliva","Level":"8B","Notes":""},{"Promote":0,"Role":"SE","Notes":"","Area":"Often","RankId":5,"Flag":0,"Id":10,"Level":"6B","Name":"Fernando Quintero"},{"Flag":0,"Notes":"","Promote":0,"RankId":6,"Name":"Anthony Rojas","Id":11,"Level":"8B","Role":"SE","Area":"Often"},{"Notes":"","Name":"Amarnath Tadigotla","RankId":7,"Promote":0,"Level":"7B","Id":12,"Role":"TE","Area":"Often","Flag":1},{"RankId":8,"Id":13,"Name":"Christina Hidalgo","Role":"DBA","Flag":2,"Area":"Always","Promote":1,"Notes":"","Level":"8B"},{"Level":"7B","Name":"Ted Gehrig","Area":"Often","Promote":0,"RankId":9,"Flag":0,"Role":"PO","Notes":"","Id":14},{"Role":"SE","Name":"Laura Rodriguez","Flag":0,"RankId":10,"Area":"Often","Id":15,"Notes":"","Level":"8B","Promote":0},{"Flag":0,"Notes":"","Id":16,"Promote":0,"Name":"Joe Messina","RankId":1,"Role":"SE","Area":"Meets","Level":"7B"},{"Level":"8B","Area":"Often","RankId":11,"Flag":0,"Name":"Sonali Mishra","Id":17,"Notes":"","Role":"SE","Promote":0},{"Id":18,"Notes":"trending to promotion","Flag":0,"RankId":12,"Promote":0,"Area":"Often","Level":"9B","Name":"Natalia Garita","Role":"TE"},{"Role":"TE","Level":"7B","Id":19,"Flag":0,"Area":"Meets","Promote":0,"Notes":"","Name":"Sergio Perez","RankId":2},{"RankId":13,"Name":"Yulia Rodos","Role":"TE","Level":"8B","Area":"Often","Promote":0,"Flag":0,"Notes":"","Id":20},{"Notes":"","Id":21,"Area":"Often","Promote":0,"RankId":14,"Name":"Campbell Alexander","Flag":0,"Level":"8B","Role":"Support"},{"Flag":0,"Id":22,"Role":"SE","Level":"7B","Promote":0,"RankId":15,"Name":"Dave Misslehorn","Area":"Often","Notes":""},{"Name":"Edwin Chinchilla","Area":"Meets","Notes":"","Promote":0,"Level":"8B","RankId":3,"Flag":0,"Id":23,"Role":"SE"},{"Area":"Meets","RankId":4,"Promote":0,"Level":"8B1","Flag":0,"Id":24,"Notes":"","Name":"Amanda Johnson","Role":"DBA"},{"Area":"Meets","Promote":0,"Id":25,"Notes":"","Name":"Sameer Shah","RankId":5,"Level":"8B","Role":"SE","Flag":0},{"Area":"Often","Id":26,"Role":"SE","Flag":0,"Notes":"","RankId":16,"Name":"Edgardo Cabezas","Promote":0,"Level":"8B"},{"Flag":0,"RankId":6,"Promote":0,"Role":"Support","Level":"9B","Notes":"","Area":"Meets","Id":27,"Name":"Joel Payamps"},{"Id":28,"RankId":7,"Name":"Kathye Ye","Flag":0,"Role":"TE","Promote":0,"Notes":"","Area":"Meets","Level":"7B"},{"Notes":"","Promote":0,"Level":"7B","Area":"Meets","Role":"SE","RankId":8,"Name":"Guoxiang Huang (Hank)","Id":29,"Flag":0},{"Flag":0,"Promote":0,"Id":30,"Role":"DBA","Notes":"","RankId":9,"Level":"8B","Area":"Meets","Name":"German Masis"},{"Level":"9B","Name":"Edgardo Acuna","Notes":"","Role":"SE","Id":31,"RankId":10,"Flag":0,"Area":"Meets","Promote":0},{"Area":"Meets","Promote":0,"Level":"7B","Id":32,"Flag":0,"RankId":11,"Name":"Jim Butts","Notes":"","Role":"SE"},{"Id":33,"Notes":"","Flag":0,"Name":"Michael Worcester","RankId":12,"Level":"6B","Area":"Meets","Role":"SE","Promote":0},{"Area":"Meets","Promote":0,"Id":34,"RankId":13,"Role":"SE","Name":"Ricardo Boza","Notes":"","Level":"7B","Flag":0},{"Level":"8B","Area":"Meets","Flag":0,"RankId":14,"Id":35,"Promote":0,"Notes":"","Role":"SE","Name":"Alejandro Banegas"},{"RankId":15,"Notes":"","Flag":0,"Role":"TE","Name":"Amira Survil","Area":"Meets","Level":"7B","Promote":0,"Id":36},{"Notes":"","Promote":0,"Role":"PO","Flag":0,"Level":"7B","Name":"Philip Boyle","RankId":16,"Area":"Meets","Id":37},{"Level":"7B","Flag":0,"Id":38,"Notes":"","RankId":17,"Name":"Jim Malgeri","Area":"Meets","Role":"PO","Promote":0},{"Level":"9B","Role":"SE","Id":39,"Flag":0,"Name":"Matthew Roberts","RankId":18,"Promote":0,"Area":"Meets","Notes":""},{"Role":"Support","Promote":0,"Notes":"","Name":"Andrew Hayden","Area":"Meets","Flag":0,"Id":40,"Level":"9B","RankId":19},{"Area":"Below","Flag":0,"Name":"Alex Arias","Level":"8B","Role":"SE","Promote":0,"Notes":"","Id":41,"RankId":0},{"Notes":"","Level":"8B","Promote":0,"Role":"PO","Id":42,"Area":"Meets","Name":"Saylyn Mayo","RankId":20,"Flag":0},{"Area":"Below","Role":"DBA","Name":"Silvia Oconitrillo","Promote":0,"RankId":1,"Id":43,"Flag":0,"Notes":"","Level":"8B"}]
[{"Flag":0,"Role":"SE","RankId":0,"Level":"7B","Promote":0,"Id":1,"Notes":"","Name":"Ben Martin","Area":"Always"},{"Area":"Always","Role":"TE","Id":2,"Notes":"change to 7B?","Name":"Jose Perez","RankId":1,"Level":"7B1","Promote":0,"Flag":0},{"Promote":1,"Id":3,"Area":"Always","Role":"SE","Flag":0,"Name":"Juan Gonzalez","Level":"8B","Notes":"","RankId":2},{"Flag":0,"Id":4,"Promote":0,"Name":"Peng Wu","Notes":"","Level":"7B1","Role":"SE","Area":"Always","RankId":5},{"Promote":0,"Flag":0,"Notes":"","Id":5,"Name":"Jose Ruiz","Level":"6B","Area":"Often","Role":"SE","RankId":0},{"Level":"9B","Flag":0,"Area":"Always","Name":"Jose Carlos Barrantes","Id":6,"Role":"SE","Notes":"","Promote":1,"RankId":7},{"RankId":2,"Flag":1,"Role":"SE","Promote":0,"Id":7,"Area":"Often","Notes":"e for effort","Name":"Sherman Lu","Level":"7B1"},{"Area":"Often","Role":"TE","RankId":3,"Notes":"","Flag":0,"Name":"Chengqing (Annie) Zhang","Level":"7B","Id":8,"Promote":0},{"Area":"Often","Id":9,"Promote":0,"Role":"TE","Flag":0,"RankId":4,"Name":"Steven Gliva","Level":"8B","Notes":""},{"Promote":0,"Role":"SE","Notes":"","Area":"Often","RankId":5,"Flag":0,"Id":10,"Level":"6B","Name":"Fernando Quintero"},{"Flag":0,"Notes":"","Promote":0,"RankId":6,"Name":"Anthony Rojas","Id":11,"Level":"8B","Role":"SE","Area":"Often"},{"Notes":"","Name":"Amarnath Tadigotla","RankId":7,"Promote":0,"Level":"7B","Id":12,"Role":"TE","Area":"Often","Flag":1},{"RankId":8,"Id":13,"Name":"Christina Hidalgo","Role":"DBA","Flag":2,"Area":"Always","Promote":1,"Notes":"","Level":"8B"},{"Level":"7B","Name":"Ted Gehrig","Area":"Often","Promote":0,"RankId":9,"Flag":0,"Role":"PO","Notes":"","Id":14},{"Role":"SE","Name":"Laura Rodriguez","Flag":0,"RankId":10,"Area":"Often","Id":15,"Notes":"","Level":"8B","Promote":0},{"Flag":0,"Notes":"","Id":16,"Promote":0,"Name":"Joe Messina","RankId":1,"Role":"SE","Area":"Meets","Level":"7B"},{"Level":"8B","Area":"Often","RankId":11,"Flag":0,"Name":"Sonali Mishra","Id":17,"Notes":"","Role":"SE","Promote":0},{"Id":18,"Notes":"trending to promotion","Flag":0,"RankId":12,"Promote":0,"Area":"Often","Level":"9B","Name":"Natalia Garita","Role":"TE"},{"Role":"TE","Level":"7B","Id":19,"Flag":0,"Area":"Meets","Promote":0,"Notes":"","Name":"Sergio Perez","RankId":2},{"RankId":13,"Name":"Yulia Rodos","Role":"TE","Level":"8B","Area":"Often","Promote":0,"Flag":0,"Notes":"","Id":20},{"Notes":"","Id":21,"Area":"Often","Promote":0,"RankId":14,"Name":"Campbell Alexander","Flag":0,"Level":"8B","Role":"Support"},{"Flag":0,"Id":22,"Role":"SE","Level":"7B","Promote":0,"RankId":15,"Name":"Dave Misslehorn","Area":"Often","Notes":""},{"Name":"Edwin Chinchilla","Area":"Meets","Notes":"","Promote":0,"Level":"8B","RankId":3,"Flag":0,"Id":23,"Role":"SE"},{"Area":"Meets","RankId":4,"Promote":0,"Level":"8B1","Flag":0,"Id":24,"Notes":"","Name":"Amanda Johnson","Role":"DBA"},{"Area":"Meets","Promote":0,"Id":25,"Notes":"","Name":"Sameer Shah","RankId":5,"Level":"8B","Role":"SE","Flag":0},{"Area":"Often","Id":26,"Role":"SE","Flag":0,"Notes":"","RankId":16,"Name":"Edgardo Cabezas","Promote":0,"Level":"8B"},{"Flag":0,"RankId":6,"Promote":0,"Role":"Support","Level":"9B","Notes":"","Area":"Meets","Id":27,"Name":"Joel Payamps"},{"Id":28,"RankId":7,"Name":"Kathye Ye","Flag":0,"Role":"TE","Promote":0,"Notes":"","Area":"Meets","Level":"7B"},{"Notes":"","Promote":0,"Level":"7B","Area":"Meets","Role":"SE","RankId":8,"Name":"Guoxiang Huang (Hank)","Id":29,"Flag":0},{"Flag":0,"Promote":0,"Id":30,"Role":"DBA","Notes":"","RankId":9,"Level":"8B","Area":"Meets","Name":"German Masis"},{"Level":"9B","Name":"Edgardo Acuna","Notes":"","Role":"SE","Id":31,"RankId":10,"Flag":0,"Area":"Meets","Promote":0},{"Area":"Meets","Promote":0,"Level":"7B","Id":32,"Flag":0,"RankId":11,"Name":"Jim Butts","Notes":"","Role":"SE"},{"Id":33,"Notes":"","Flag":0,"Name":"Michael Worcester","RankId":12,"Level":"6B","Area":"Meets","Role":"SE","Promote":0},{"Area":"Meets","Promote":0,"Id":34,"RankId":13,"Role":"SE","Name":"Ricardo Boza","Notes":"","Level":"7B","Flag":0},{"Level":"8B","Area":"Meets","Flag":0,"RankId":14,"Id":35,"Promote":0,"Notes":"","Role":"SE","Name":"Alejandro Banegas"},{"RankId":15,"Notes":"","Flag":0,"Role":"TE","Name":"Amira Survil","Area":"Meets","Level":"7B","Promote":0,"Id":36},{"Notes":"","Promote":0,"Role":"PO","Flag":0,"Level":"7B","Name":"Philip Boyle","RankId":16,"Area":"Meets","Id":37},{"Level":"7B","Flag":0,"Id":38,"Notes":"","RankId":17,"Name":"Jim Malgeri","Area":"Meets","Role":"PO","Promote":0},{"Level":"9B","Role":"SE","Id":39,"Flag":0,"Name":"Matthew Roberts","RankId":18,"Promote":0,"Area":"Meets","Notes":""},{"Role":"Support","Promote":0,"Notes":"","Name":"Andrew Hayden","Area":"Meets","Flag":0,"Id":40,"Level":"9B","RankId":19},{"Area":"Below","Flag":0,"Name":"Alex Arias","Level":"8B","Role":"SE","Promote":0,"Notes":"","Id":41,"RankId":0},{"Notes":"","Level":"8B","Promote":0,"Role":"PO","Id":42,"Area":"Meets","Name":"Saylyn Mayo","RankId":20,"Flag":0},{"Area":"Below","Role":"DBA","Name":"Silvia Oconitrillo","Promote":0,"RankId":1,"Id":43,"Flag":0,"Notes":"","Level":"8B"}]
